arm_id,replicates,full_expectancy_r,matched_median_expectancy_r,matched_p95_expectancy_r,empirical_prob_matched_ge_full,full_median_hold_minutes,matched_median_hold_minutes,matched_to_full_hold_ratio,hold_distribution_match_flag,full_event_count,matched_min_event_match_fraction,full_trade_count,matched_median_trade_count
S123_M0_NO_MAP_CONTROL,50,0.1364133340898459,-0.0610707778764173,0.1832266573279274,0.12,85.0,74.0,0.8705882352941177,True,613,0.9902120717781404,555,547.0
S123_M1_EMA_MAP,50,-0.0072637726676979,-0.0472604477055518,0.1757715284107924,0.38,85.5,77.25,0.9035087719298246,True,272,0.8014705882352942,252,201.0
S123_C1_STRICT_CLOSE,50,0.0485426183598715,-0.1447412012912091,0.0163920235092785,0.04,77.5,78.75,1.0161290322580645,True,244,0.8114754098360656,226,184.0
S123_M3_EMA_PLUS_BREAKOUT,50,0.2827195843054275,-0.2256920108830459,0.2148778876932447,0.0,107.0,88.75,0.8294392523364486,True,158,0.6772151898734177,147,100.0
