arm_id,control,full_expectancy_r,control_expectancy_r,expectancy_delta_r,full_return_to_drawdown,control_return_to_drawdown,full_trades,control_trades
S123_M0_NO_MAP_CONTROL,LONG_EMA_BREAK,0.1364133340898459,0.0680096851144478,0.0684036489753981,0.7550106359628457,1.4966831493379995,555,4545
S123_M0_NO_MAP_CONTROL,LONG_EMA_BREAK_RETEST,0.1364133340898459,0.0123606993409043,0.1240526347489415,0.7550106359628457,0.3059422338588847,555,4165
S123_M1_EMA_MAP,LONG_EMA_BREAK,-0.0072637726676979,0.0629276884893085,-0.0701914611570064,-0.0499673552648899,0.7165989660316886,252,2052
S123_M1_EMA_MAP,LONG_EMA_BREAK_RETEST,-0.0072637726676979,-0.0661612436621605,0.0588974709944625,-0.0499673552648899,-0.6704646031482983,252,1862
S123_C1_STRICT_CLOSE,LONG_EMA_BREAK,0.0485426183598715,0.0470414298340686,0.0015011885258029,0.2173092770491352,0.5083504050232683,226,1995
S123_C1_STRICT_CLOSE,LONG_EMA_BREAK_RETEST,0.0485426183598715,-0.0696159513141948,0.1181585696740663,0.2173092770491352,-0.6562506613986923,226,1827
S123_M3_EMA_PLUS_BREAKOUT,LONG_EMA_BREAK,0.2827195843054275,0.1244525156087797,0.1582670686966477,0.9253379082154124,1.4325658017485157,147,1160
S123_M3_EMA_PLUS_BREAKOUT,LONG_EMA_BREAK_RETEST,0.2827195843054275,0.0027963294174675,0.2799232548879599,0.9253379082154124,0.0269462852088008,147,1054
