scenario_id,blocks,observed_expectancy_r,lo95_expectancy_r,hi95_expectancy_r,prob_expectancy_positive
S123_M0_NO_MAP_CONTROL__LONG_FULL,432,0.1364133340898459,-0.2214671986051048,0.5264162740022595,0.7594
S123_M1_EMA_MAP__LONG_FULL,214,-0.0072637726676979,-0.52005934427328,0.6072530188153366,0.4638
S123_C1_STRICT_CLOSE__LONG_FULL,195,0.0485426183598715,-0.4902218552198351,0.6603109743910189,0.5457
S123_M3_EMA_PLUS_BREAKOUT__LONG_FULL,131,0.2827195843054275,-0.4924013897804298,1.215178594591427,0.7309
