arm,trades,net_r,expectancy_r,gross_expectancy_r,profit_factor,win_rate,max_drawdown_r,stress_1p5x_cost_expectancy_r,trades_2015,net_2015,exp_2015,trades_2016,net_2016,exp_2016,trades_2017,net_2017,exp_2017,trades_2018,net_2018,exp_2018,trades_2019,net_2019,exp_2019,trades_2020,net_2020,exp_2020,trades_2021,net_2021,exp_2021,positive_years,single_year_positive_share,ci_lo,ci_hi,p_positive,primary_2015_2019_expectancy_r,crisis_2020_2021_expectancy_r,gate_combined_expectancy,gate_cost_stress,gate_primary,gate_crisis,gate_positive_years,gate_concentration,hard_stop_passed,gate_ci
FX_B1_PREVDAY_LONDON_BOS_MID,105,10.336779491338357,0.09844551896512721,0.17148529027320272,1.1876751847436675,0.44761904761904764,14.3270136726833,0.053031896730289206,17,8.365434305369725,0.49208437090410145,16,-3.9418889207357597,-0.24636805754598498,13,4.111508907687962,0.3162699159759971,16,-1.2722875575909514,-0.07951797234943446,14,-6.3957185134181636,-0.45683703667272596,10,-0.46768073946390376,-0.046768073946390376,19,9.937412009489444,0.5230216847099708,3,0.44335034003089085,-0.15847087380061753,0.3593699688694569,0.766,0.011408529227800238,0.3265424575870876,True,True,True,True,False,True,False,False
