{
  "study_id": "DTR-FX-WP-20260724-23",
  "review_type": "independent_trade_ledger_reconstruction",
  "runner_sha256": "8bed9d9e0d7e198ff5a3d8f02cc8f4303ace7d1820885fcde13bcb5774a81e59",
  "trade_ledger_sha256": "ea2fff239a4707315b4a4cfdfd7398808dbf2177f99ab52aa5f4c1ec91d269e3",
  "source_qualification_sha256": "b19da00fe431ba0cfa7b6978c325131e187035bb0015bf8df416b9d225f43560",
  "reconstructed_metrics": {
    "arm": "FX_B1_PREVDAY_LONDON_BOS_MID",
    "trades": 105,
    "net_r": 10.336779491338357,
    "expectancy_r": 0.09844551896512721,
    "gross_expectancy_r": 0.17148529027320272,
    "profit_factor": 1.1876751847436675,
    "win_rate": 0.44761904761904764,
    "max_drawdown_r": 14.327013672683298,
    "stress_1p5x_cost_expectancy_r": 0.05303189673028923,
    "trades_2015": 17,
    "net_2015": 8.365434305369725,
    "exp_2015": 0.49208437090410145,
    "trades_2016": 16,
    "net_2016": -3.9418889207357597,
    "exp_2016": -0.24636805754598498,
    "trades_2017": 13,
    "net_2017": 4.111508907687962,
    "exp_2017": 0.3162699159759971,
    "trades_2018": 16,
    "net_2018": -1.2722875575909516,
    "exp_2018": -0.07951797234943447,
    "trades_2019": 14,
    "net_2019": -6.3957185134181636,
    "exp_2019": -0.45683703667272596,
    "trades_2020": 10,
    "net_2020": -0.46768073946390376,
    "exp_2020": -0.046768073946390376,
    "trades_2021": 19,
    "net_2021": 9.937412009489444,
    "exp_2021": 0.5230216847099708,
    "positive_years": 3,
    "single_year_positive_share": 0.44335034003089085,
    "ci_lo": -0.1584708738006175,
    "ci_hi": 0.359369968869457,
    "p_positive": 0.766,
    "primary_2015_2019_expectancy_r": 0.011408529227800212,
    "crisis_2020_2021_expectancy_r": 0.32654245758708755,
    "gate_combined_expectancy": true,
    "gate_cost_stress": true,
    "gate_primary": true,
    "gate_crisis": true,
    "gate_positive_years": false,
    "gate_concentration": true,
    "hard_stop_passed": false,
    "gate_ci": false
  },
  "reported_decision": "REJECT_B1_ON_OLDER_HISTORY",
  "reconstructed_decision": "REJECT_B1_ON_OLDER_HISTORY",
  "mismatches": {},
  "checks": {
    "runner_hash_matches": true,
    "source_qualified": true,
    "summary_parity": true,
    "decision_parity": true,
    "years_match": true,
    "deployment_block_retained": true
  },
  "conclusion": "PASS"
}
