metric,spread_pips
p50,0.8999999999992347
p75,1.100000000000545
p90,1.4999999999987246
p95,1.9999999999997797
p99,7.4000000000018495
