{
  "corrected_baseline": {
    "avg_hold_min": 208.989898989899,
    "expectancy_r": 0.17374699261769797,
    "mae_r": 0.7366467155159919,
    "max_drawdown_r": 14.10785751380752,
    "median_r": 0.17774647887323944,
    "mfe_r": 1.493334414523369,
    "net_r": 86.00476134576057,
    "profit_factor": 1.3663829114407133,
    "return_dd": 6.096231214526141,
    "trades": 495,
    "win_rate": 0.509090909090909
  },
  "dataset_sha256": "8d3f157a422636e5b8dda51cc3a3d9209c50cb53f9b279d3e14b627ce59370dc",
  "decision": "CONTINUE_RESEARCH_DO_NOT_DEPLOY",
  "gap_liquidations": 4,
  "historical_observe": {
    "avg_hold_min": 209.79761904761904,
    "expectancy_r": 0.1669927760762483,
    "mae_r": 0.7422590951384301,
    "max_drawdown_r": 14.107857513807524,
    "median_r": 0.09101268827348145,
    "mfe_r": 1.4861476834620715,
    "net_r": 84.16435914242919,
    "profit_factor": 1.3510592124242256,
    "return_dd": 5.965778932772503,
    "trades": 504,
    "win_rate": 0.5059523809523809
  },
  "historical_retrospective_reject": {
    "avg_hold_min": 209.9450101832994,
    "expectancy_r": 0.180235811449135,
    "mae_r": 0.7385582542543464,
    "max_drawdown_r": 14.107857513807524,
    "median_r": 0.2051912568306011,
    "mfe_r": 1.500891476648658,
    "net_r": 88.49578342152539,
    "profit_factor": 1.3819983049452256,
    "return_dd": 6.272801049692594,
    "trades": 491,
    "win_rate": 0.5112016293279023
  },
  "manifest_sha256": "76a12fe0618d98872a65bde591a6b1f421d43bfe27782845c54fdf15c2589bc6",
  "restrictions": [
    "no deployment",
    "no Pine strategy port",
    "no fresh-data inspection before preregistration",
    "no module retuning during corrected-baseline reruns"
  ],
  "rollover_status": "SENSITIVITY_ONLY_CONTRACT_METADATA_UNRESOLVED",
  "schema_version": 1,
  "timestamp": {
    "best_price_basis": "hlc3",
    "best_rmse": 2.8839140462578317e-06,
    "decision": "UNRESOLVED",
    "equivalent_best_hypotheses": 3,
    "explanation": "Vendor ETH VWAP is reproduced by cumulative HLC3 times volume, but the absence of 18:00 observations makes bar-open and bar-close label hypotheses observationally equivalent under plausible reset alignment."
  },
  "trade_set_comparisons": {
    "legacy_to_causal": {
      "added": 4,
      "added_net_r": -2.4910220757647896,
      "changed_common": 0,
      "changed_common_delta_net_r": 0.0,
      "removed": 0,
      "removed_net_r": 0.0
    },
    "observe_to_causal": {
      "added": 0,
      "added_net_r": 0.0,
      "changed_common": 1,
      "changed_common_delta_net_r": -0.7006271350014306,
      "removed": 9,
      "removed_net_r": -2.541029338332793
    }
  },
  "uncertainty": {
    "month_block_bootstrap": {
      "estimate": 0.17374699261769797,
      "hi95": 0.287176889861774,
      "iterations": 10000,
      "lo95": 0.06423594695388275,
      "seed": 20260723
    },
    "multiple_testing_status": "UNRESOLVED_NO_ALIGNED_904_CANDIDATE_RETURN_MATRIX",
    "session_date_block_bootstrap": {
      "estimate": 0.17374699261769797,
      "hi95": 0.2863197294482435,
      "iterations": 10000,
      "lo95": 0.06257356264557928,
      "seed": 20260724
    },
    "sign_flip_one_sided_p": 0.0013899861001389986,
    "trade_bootstrap": {
      "estimate": 0.17374699261769797,
      "hi95": 0.2875274744057656,
      "iterations": 10000,
      "lo95": 0.061458270307338095,
      "seed": 20260722
    }
  },
  "walk_forward": {
    "folds": 4,
    "selected_config_count": 4,
    "status": "HISTORICAL_PROCEDURE_EVIDENCE_NOT_PRISTINE_HOLDOUT",
    "test_expectancy_r": 0.15121661892967514,
    "test_net_r": 43.70160287067611,
    "test_trades": 289,
    "weak_fold_count_below_0_06R": 2
  }
}
